employee_code,name,department,role_title,experience_level,location,joining_date,reporting_manager,required_competencies,prior_experience,training_status
BULK-001,Ahmed Al-Harbi,Engineering,Software Engineer,Beginner,Sanaa,2026-09-01,Manager Demo,Policy Awareness;Code Quality;Teamwork,None,not_started
BULK-002,Sara Al-Kibsi,Engineering,DevOps/Infrastructure Engineer,Intermediate,Aden,2026-09-02,Lina Hassan,Policy Awareness;Code Quality;Teamwork,Fresh graduate,not_started
BULK-003,Mohammed Al-Omari,Engineering,QA Engineer,Advanced,Remote,2026-09-03,Omar Al-Harbi,Policy Awareness;Code Quality;Teamwork,1 year in retail,not_started
BULK-004,Fatima Al-Khamiri,Customer Support,Customer Support Representative,Beginner,Hodeidah,2026-09-04,Manager Demo,Policy Awareness;Customer Focus;Communication,2 years in logistics,not_started
BULK-005,Omar Al-Ghamdi,Finance,Payments Operations Specialist,Intermediate,Taiz,2026-09-05,Lina Hassan,Policy Awareness;Compliance;Attention to Detail,3 years in finance,not_started
BULK-006,Lina Sharaf,People & Culture,HR Generalist,Advanced,Sanaa,2026-09-06,Omar Al-Harbi,Policy Awareness;Communication;Confidentiality,Internship completed,not_started
BULK-007,Khaled Al-Hakimi,People & Culture,Recruiter,Beginner,Aden,2026-09-07,Manager Demo,Policy Awareness;Communication;Confidentiality,None,not_started
BULK-008,Mona Qassem,Finance,Financial Analyst,Intermediate,Remote,2026-09-08,Lina Hassan,Policy Awareness;Compliance;Attention to Detail,Fresh graduate,not_started
BULK-009,Tariq Mashrah,Finance,Accounts Payable Clerk,Advanced,Hodeidah,2026-09-09,Omar Al-Harbi,Policy Awareness;Compliance;Attention to Detail,1 year in retail,not_started
BULK-010,Huda Al-Mutawakel,Warehouse,Warehouse Operations Coordinator,Beginner,Taiz,2026-09-10,Manager Demo,Policy Awareness;Safety Compliance;Teamwork,2 years in logistics,not_started
BULK-011,Yasser Al-Raimi,Engineering,Software Engineer,Intermediate,Sanaa,2026-09-11,Lina Hassan,Policy Awareness;Code Quality;Teamwork,3 years in finance,not_started
BULK-012,Rania Al-Matari,Engineering,DevOps/Infrastructure Engineer,Advanced,Aden,2026-09-12,Omar Al-Harbi,Policy Awareness;Code Quality;Teamwork,Internship completed,not_started
BULK-013,Adel Al-Zaidi,Engineering,QA Engineer,Beginner,Remote,2026-09-13,Manager Demo,Policy Awareness;Code Quality;Teamwork,None,not_started
BULK-014,Nour Hassan,Customer Support,Customer Support Representative,Intermediate,Hodeidah,2026-09-14,Lina Hassan,Policy Awareness;Customer Focus;Communication,Fresh graduate,not_started
BULK-015,Salem Al-Ashwal,Finance,Payments Operations Specialist,Advanced,Taiz,2026-09-15,Omar Al-Harbi,Policy Awareness;Compliance;Attention to Detail,1 year in retail,not_started
BULK-016,Dana Al-Dubai,People & Culture,HR Generalist,Beginner,Sanaa,2026-09-16,Manager Demo,Policy Awareness;Communication;Confidentiality,2 years in logistics,not_started
BULK-017,Faris Al-Najjar,People & Culture,Recruiter,Intermediate,Aden,2026-09-17,Lina Hassan,Policy Awareness;Communication;Confidentiality,3 years in finance,not_started
BULK-018,Reem Hayel,Finance,Financial Analyst,Advanced,Remote,2026-09-18,Omar Al-Harbi,Policy Awareness;Compliance;Attention to Detail,Internship completed,not_started
BULK-019,Hassan Al-Hammadi,Finance,Accounts Payable Clerk,Beginner,Hodeidah,2026-09-19,Manager Demo,Policy Awareness;Compliance;Attention to Detail,None,not_started
BULK-020,Maha Al-Sayani,Warehouse,Warehouse Operations Coordinator,Intermediate,Taiz,2026-09-20,Lina Hassan,Policy Awareness;Safety Compliance;Teamwork,Fresh graduate,not_started
BULK-021,Bilal Al-Thawr,Engineering,Software Engineer,Advanced,Sanaa,2026-09-21,Omar Al-Harbi,Policy Awareness;Code Quality;Teamwork,1 year in retail,not_started
BULK-022,Sahar Al-Basha,Engineering,DevOps/Infrastructure Engineer,Beginner,Aden,2026-09-22,Manager Demo,Policy Awareness;Code Quality;Teamwork,2 years in logistics,not_started
BULK-023,Nasser Al-Saqqaf,Engineering,QA Engineer,Intermediate,Remote,2026-09-23,Lina Hassan,Policy Awareness;Code Quality;Teamwork,3 years in finance,not_started
BULK-024,Amal Al-Wasabi,Customer Support,Customer Support Representative,Advanced,Hodeidah,2026-09-24,Omar Al-Harbi,Policy Awareness;Customer Focus;Communication,Internship completed,not_started
BULK-025,Karim Al-Sabri,Finance,Payments Operations Specialist,Beginner,Taiz,2026-09-25,Manager Demo,Policy Awareness;Compliance;Attention to Detail,None,not_started
BULK-026,Wafa Al-Huraibi,People & Culture,HR Generalist,Intermediate,Sanaa,2026-09-26,Lina Hassan,Policy Awareness;Communication;Confidentiality,Fresh graduate,not_started
BULK-027,Jamal Al-Ansi,People & Culture,Recruiter,Advanced,Aden,2026-09-27,Omar Al-Harbi,Policy Awareness;Communication;Confidentiality,1 year in retail,not_started
BULK-028,Ibrahim Al-Shami,Finance,Financial Analyst,Beginner,Remote,2026-09-28,Manager Demo,Policy Awareness;Compliance;Attention to Detail,2 years in logistics,not_started
BULK-029,Sawsan Al-Jabri,Finance,Accounts Payable Clerk,Intermediate,Hodeidah,2026-09-29,Lina Hassan,Policy Awareness;Compliance;Attention to Detail,3 years in finance,not_started
BULK-030,Alaa Al-Amri,Warehouse,Warehouse Operations Coordinator,Advanced,Taiz,2026-09-30,Omar Al-Harbi,Policy Awareness;Safety Compliance;Teamwork,Internship completed,not_started
BULK-031,Ahmed Al-Harbi,Engineering,Software Engineer,Beginner,Sanaa,2026-10-01,Manager Demo,Policy Awareness;Code Quality;Teamwork,None,not_started
BULK-032,Sara Al-Kibsi,Engineering,DevOps/Infrastructure Engineer,Intermediate,Aden,2026-10-02,Lina Hassan,Policy Awareness;Code Quality;Teamwork,Fresh graduate,not_started
BULK-033,Mohammed Al-Omari,Engineering,QA Engineer,Advanced,Remote,2026-10-03,Omar Al-Harbi,Policy Awareness;Code Quality;Teamwork,1 year in retail,not_started
BULK-034,Fatima Al-Khamiri,Customer Support,Customer Support Representative,Beginner,Hodeidah,2026-10-04,Manager Demo,Policy Awareness;Customer Focus;Communication,2 years in logistics,not_started
BULK-035,Omar Al-Ghamdi,Finance,Payments Operations Specialist,Intermediate,Taiz,2026-10-05,Lina Hassan,Policy Awareness;Compliance;Attention to Detail,3 years in finance,not_started
BULK-036,Lina Sharaf,People & Culture,HR Generalist,Advanced,Sanaa,2026-10-06,Omar Al-Harbi,Policy Awareness;Communication;Confidentiality,Internship completed,not_started
BULK-037,Khaled Al-Hakimi,People & Culture,Recruiter,Beginner,Aden,2026-10-07,Manager Demo,Policy Awareness;Communication;Confidentiality,None,not_started
BULK-038,Mona Qassem,Finance,Financial Analyst,Intermediate,Remote,2026-10-08,Lina Hassan,Policy Awareness;Compliance;Attention to Detail,Fresh graduate,not_started
BULK-039,Tariq Mashrah,Finance,Accounts Payable Clerk,Advanced,Hodeidah,2026-10-09,Omar Al-Harbi,Policy Awareness;Compliance;Attention to Detail,1 year in retail,not_started
BULK-040,Huda Al-Mutawakel,Warehouse,Warehouse Operations Coordinator,Beginner,Taiz,2026-10-10,Manager Demo,Policy Awareness;Safety Compliance;Teamwork,2 years in logistics,not_started
BULK-041,Yasser Al-Raimi,Engineering,Software Engineer,Intermediate,Sanaa,2026-10-11,Lina Hassan,Policy Awareness;Code Quality;Teamwork,3 years in finance,not_started
BULK-042,Rania Al-Matari,Engineering,DevOps/Infrastructure Engineer,Advanced,Aden,2026-10-12,Omar Al-Harbi,Policy Awareness;Code Quality;Teamwork,Internship completed,not_started
BULK-043,Adel Al-Zaidi,Engineering,QA Engineer,Beginner,Remote,2026-10-13,Manager Demo,Policy Awareness;Code Quality;Teamwork,None,not_started
BULK-044,Nour Hassan,Customer Support,Customer Support Representative,Intermediate,Hodeidah,2026-10-14,Lina Hassan,Policy Awareness;Customer Focus;Communication,Fresh graduate,not_started
BULK-045,Salem Al-Ashwal,Finance,Payments Operations Specialist,Advanced,Taiz,2026-10-15,Omar Al-Harbi,Policy Awareness;Compliance;Attention to Detail,1 year in retail,not_started
BULK-046,Dana Al-Dubai,People & Culture,HR Generalist,Beginner,Sanaa,2026-10-16,Manager Demo,Policy Awareness;Communication;Confidentiality,2 years in logistics,not_started
BULK-047,Faris Al-Najjar,People & Culture,Recruiter,Intermediate,Aden,2026-10-17,Lina Hassan,Policy Awareness;Communication;Confidentiality,3 years in finance,not_started
BULK-048,Reem Hayel,Finance,Financial Analyst,Advanced,Remote,2026-10-18,Omar Al-Harbi,Policy Awareness;Compliance;Attention to Detail,Internship completed,not_started
BULK-049,Hassan Al-Hammadi,Finance,Accounts Payable Clerk,Beginner,Hodeidah,2026-10-19,Manager Demo,Policy Awareness;Compliance;Attention to Detail,None,not_started
BULK-050,Maha Al-Sayani,Warehouse,Warehouse Operations Coordinator,Intermediate,Taiz,2026-10-20,Lina Hassan,Policy Awareness;Safety Compliance;Teamwork,Fresh graduate,not_started
BULK-051,Bilal Al-Thawr,Engineering,Software Engineer,Advanced,Sanaa,2026-10-21,Omar Al-Harbi,Policy Awareness;Code Quality;Teamwork,1 year in retail,not_started
BULK-052,Sahar Al-Basha,Engineering,DevOps/Infrastructure Engineer,Beginner,Aden,2026-10-22,Manager Demo,Policy Awareness;Code Quality;Teamwork,2 years in logistics,not_started
BULK-053,Nasser Al-Saqqaf,Engineering,QA Engineer,Intermediate,Remote,2026-10-23,Lina Hassan,Policy Awareness;Code Quality;Teamwork,3 years in finance,not_started
BULK-054,Amal Al-Wasabi,Customer Support,Customer Support Representative,Advanced,Hodeidah,2026-10-24,Omar Al-Harbi,Policy Awareness;Customer Focus;Communication,Internship completed,not_started
BULK-055,Karim Al-Sabri,Finance,Payments Operations Specialist,Beginner,Taiz,2026-10-25,Manager Demo,Policy Awareness;Compliance;Attention to Detail,None,not_started
BULK-056,Wafa Al-Huraibi,People & Culture,HR Generalist,Intermediate,Sanaa,2026-10-26,Lina Hassan,Policy Awareness;Communication;Confidentiality,Fresh graduate,not_started
BULK-057,Jamal Al-Ansi,People & Culture,Recruiter,Advanced,Aden,2026-10-27,Omar Al-Harbi,Policy Awareness;Communication;Confidentiality,1 year in retail,not_started
BULK-058,Ibrahim Al-Shami,Finance,Financial Analyst,Beginner,Remote,2026-10-28,Manager Demo,Policy Awareness;Compliance;Attention to Detail,2 years in logistics,not_started
BULK-059,Sawsan Al-Jabri,Finance,Accounts Payable Clerk,Intermediate,Hodeidah,2026-10-29,Lina Hassan,Policy Awareness;Compliance;Attention to Detail,3 years in finance,not_started
BULK-060,Alaa Al-Amri,Warehouse,Warehouse Operations Coordinator,Advanced,Taiz,2026-10-30,Omar Al-Harbi,Policy Awareness;Safety Compliance;Teamwork,Internship completed,not_started
BULK-061,Ahmed Al-Harbi,Engineering,Software Engineer,Beginner,Sanaa,2026-09-01,Manager Demo,Policy Awareness;Code Quality;Teamwork,None,not_started
BULK-062,Sara Al-Kibsi,Engineering,DevOps/Infrastructure Engineer,Intermediate,Aden,2026-09-02,Lina Hassan,Policy Awareness;Code Quality;Teamwork,Fresh graduate,not_started
BULK-063,Mohammed Al-Omari,Engineering,QA Engineer,Advanced,Remote,2026-09-03,Omar Al-Harbi,Policy Awareness;Code Quality;Teamwork,1 year in retail,not_started
BULK-064,Fatima Al-Khamiri,Customer Support,Customer Support Representative,Beginner,Hodeidah,2026-09-04,Manager Demo,Policy Awareness;Customer Focus;Communication,2 years in logistics,not_started
BULK-065,Omar Al-Ghamdi,Finance,Payments Operations Specialist,Intermediate,Taiz,2026-09-05,Lina Hassan,Policy Awareness;Compliance;Attention to Detail,3 years in finance,not_started
BULK-066,Lina Sharaf,People & Culture,HR Generalist,Advanced,Sanaa,2026-09-06,Omar Al-Harbi,Policy Awareness;Communication;Confidentiality,Internship completed,not_started
BULK-067,Khaled Al-Hakimi,People & Culture,Recruiter,Beginner,Aden,2026-09-07,Manager Demo,Policy Awareness;Communication;Confidentiality,None,not_started
BULK-068,Mona Qassem,Finance,Financial Analyst,Intermediate,Remote,2026-09-08,Lina Hassan,Policy Awareness;Compliance;Attention to Detail,Fresh graduate,not_started
BULK-069,Tariq Mashrah,Finance,Accounts Payable Clerk,Advanced,Hodeidah,2026-09-09,Omar Al-Harbi,Policy Awareness;Compliance;Attention to Detail,1 year in retail,not_started
BULK-070,Huda Al-Mutawakel,Warehouse,Warehouse Operations Coordinator,Beginner,Taiz,2026-09-10,Manager Demo,Policy Awareness;Safety Compliance;Teamwork,2 years in logistics,not_started
BULK-071,Yasser Al-Raimi,Engineering,Software Engineer,Intermediate,Sanaa,2026-09-11,Lina Hassan,Policy Awareness;Code Quality;Teamwork,3 years in finance,not_started
BULK-072,Rania Al-Matari,Engineering,DevOps/Infrastructure Engineer,Advanced,Aden,2026-09-12,Omar Al-Harbi,Policy Awareness;Code Quality;Teamwork,Internship completed,not_started
BULK-073,Adel Al-Zaidi,Engineering,QA Engineer,Beginner,Remote,2026-09-13,Manager Demo,Policy Awareness;Code Quality;Teamwork,None,not_started
BULK-074,Nour Hassan,Customer Support,Customer Support Representative,Intermediate,Hodeidah,2026-09-14,Lina Hassan,Policy Awareness;Customer Focus;Communication,Fresh graduate,not_started
BULK-075,Salem Al-Ashwal,Finance,Payments Operations Specialist,Advanced,Taiz,2026-09-15,Omar Al-Harbi,Policy Awareness;Compliance;Attention to Detail,1 year in retail,not_started
BULK-076,Dana Al-Dubai,People & Culture,HR Generalist,Beginner,Sanaa,2026-09-16,Manager Demo,Policy Awareness;Communication;Confidentiality,2 years in logistics,not_started
BULK-077,Faris Al-Najjar,People & Culture,Recruiter,Intermediate,Aden,2026-09-17,Lina Hassan,Policy Awareness;Communication;Confidentiality,3 years in finance,not_started
BULK-078,Reem Hayel,Finance,Financial Analyst,Advanced,Remote,2026-09-18,Omar Al-Harbi,Policy Awareness;Compliance;Attention to Detail,Internship completed,not_started
BULK-079,Hassan Al-Hammadi,Finance,Accounts Payable Clerk,Beginner,Hodeidah,2026-09-19,Manager Demo,Policy Awareness;Compliance;Attention to Detail,None,not_started
BULK-080,Maha Al-Sayani,Warehouse,Warehouse Operations Coordinator,Intermediate,Taiz,2026-09-20,Lina Hassan,Policy Awareness;Safety Compliance;Teamwork,Fresh graduate,not_started
BULK-081,Bilal Al-Thawr,Engineering,Software Engineer,Advanced,Sanaa,2026-09-21,Omar Al-Harbi,Policy Awareness;Code Quality;Teamwork,1 year in retail,not_started
BULK-082,Sahar Al-Basha,Engineering,DevOps/Infrastructure Engineer,Beginner,Aden,2026-09-22,Manager Demo,Policy Awareness;Code Quality;Teamwork,2 years in logistics,not_started
BULK-083,Nasser Al-Saqqaf,Engineering,QA Engineer,Intermediate,Remote,2026-09-23,Lina Hassan,Policy Awareness;Code Quality;Teamwork,3 years in finance,not_started
BULK-084,Amal Al-Wasabi,Customer Support,Customer Support Representative,Advanced,Hodeidah,2026-09-24,Omar Al-Harbi,Policy Awareness;Customer Focus;Communication,Internship completed,not_started
BULK-085,Karim Al-Sabri,Finance,Payments Operations Specialist,Beginner,Taiz,2026-09-25,Manager Demo,Policy Awareness;Compliance;Attention to Detail,None,not_started
BULK-086,Wafa Al-Huraibi,People & Culture,HR Generalist,Intermediate,Sanaa,2026-09-26,Lina Hassan,Policy Awareness;Communication;Confidentiality,Fresh graduate,not_started
BULK-087,Jamal Al-Ansi,People & Culture,Recruiter,Advanced,Aden,2026-09-27,Omar Al-Harbi,Policy Awareness;Communication;Confidentiality,1 year in retail,not_started
BULK-088,Ibrahim Al-Shami,Finance,Financial Analyst,Beginner,Remote,2026-09-28,Manager Demo,Policy Awareness;Compliance;Attention to Detail,2 years in logistics,not_started
BULK-089,Sawsan Al-Jabri,Finance,Accounts Payable Clerk,Intermediate,Hodeidah,2026-09-29,Lina Hassan,Policy Awareness;Compliance;Attention to Detail,3 years in finance,not_started
BULK-090,Alaa Al-Amri,Warehouse,Warehouse Operations Coordinator,Advanced,Taiz,2026-09-30,Omar Al-Harbi,Policy Awareness;Safety Compliance;Teamwork,Internship completed,not_started
BULK-091,Ahmed Al-Harbi,Engineering,Software Engineer,Beginner,Sanaa,2026-10-01,Manager Demo,Policy Awareness;Code Quality;Teamwork,None,not_started
BULK-092,Sara Al-Kibsi,Engineering,DevOps/Infrastructure Engineer,Intermediate,Aden,2026-10-02,Lina Hassan,Policy Awareness;Code Quality;Teamwork,Fresh graduate,not_started
BULK-093,Mohammed Al-Omari,Engineering,QA Engineer,Advanced,Remote,2026-10-03,Omar Al-Harbi,Policy Awareness;Code Quality;Teamwork,1 year in retail,not_started
BULK-094,Fatima Al-Khamiri,Customer Support,Customer Support Representative,Beginner,Hodeidah,2026-10-04,Manager Demo,Policy Awareness;Customer Focus;Communication,2 years in logistics,not_started
BULK-095,Omar Al-Ghamdi,Finance,Payments Operations Specialist,Intermediate,Taiz,2026-10-05,Lina Hassan,Policy Awareness;Compliance;Attention to Detail,3 years in finance,not_started
BULK-096,Lina Sharaf,People & Culture,HR Generalist,Advanced,Sanaa,2026-10-06,Omar Al-Harbi,Policy Awareness;Communication;Confidentiality,Internship completed,not_started
BULK-097,Khaled Al-Hakimi,People & Culture,Recruiter,Beginner,Aden,2026-10-07,Manager Demo,Policy Awareness;Communication;Confidentiality,None,not_started
BULK-098,Mona Qassem,Finance,Financial Analyst,Intermediate,Remote,2026-10-08,Lina Hassan,Policy Awareness;Compliance;Attention to Detail,Fresh graduate,not_started
BULK-099,Tariq Mashrah,Finance,Accounts Payable Clerk,Advanced,Hodeidah,2026-10-09,Omar Al-Harbi,Policy Awareness;Compliance;Attention to Detail,1 year in retail,not_started
BULK-100,Huda Al-Mutawakel,Warehouse,Warehouse Operations Coordinator,Beginner,Taiz,2026-10-10,Manager Demo,Policy Awareness;Safety Compliance;Teamwork,2 years in logistics,not_started
BULK-101,Yasser Al-Raimi,Engineering,Software Engineer,Intermediate,Sanaa,2026-10-11,Lina Hassan,Policy Awareness;Code Quality;Teamwork,3 years in finance,not_started
BULK-102,Rania Al-Matari,Engineering,DevOps/Infrastructure Engineer,Advanced,Aden,2026-10-12,Omar Al-Harbi,Policy Awareness;Code Quality;Teamwork,Internship completed,not_started
BULK-103,Adel Al-Zaidi,Engineering,QA Engineer,Beginner,Remote,2026-10-13,Manager Demo,Policy Awareness;Code Quality;Teamwork,None,not_started
BULK-104,Nour Hassan,Customer Support,Customer Support Representative,Intermediate,Hodeidah,2026-10-14,Lina Hassan,Policy Awareness;Customer Focus;Communication,Fresh graduate,not_started
BULK-105,Salem Al-Ashwal,Finance,Payments Operations Specialist,Advanced,Taiz,2026-10-15,Omar Al-Harbi,Policy Awareness;Compliance;Attention to Detail,1 year in retail,not_started
BULK-106,Dana Al-Dubai,People & Culture,HR Generalist,Beginner,Sanaa,2026-10-16,Manager Demo,Policy Awareness;Communication;Confidentiality,2 years in logistics,not_started
BULK-107,Faris Al-Najjar,People & Culture,Recruiter,Intermediate,Aden,2026-10-17,Lina Hassan,Policy Awareness;Communication;Confidentiality,3 years in finance,not_started
BULK-108,Reem Hayel,Finance,Financial Analyst,Advanced,Remote,2026-10-18,Omar Al-Harbi,Policy Awareness;Compliance;Attention to Detail,Internship completed,not_started
BULK-109,Hassan Al-Hammadi,Finance,Accounts Payable Clerk,Beginner,Hodeidah,2026-10-19,Manager Demo,Policy Awareness;Compliance;Attention to Detail,None,not_started
BULK-110,Maha Al-Sayani,Warehouse,Warehouse Operations Coordinator,Intermediate,Taiz,2026-10-20,Lina Hassan,Policy Awareness;Safety Compliance;Teamwork,Fresh graduate,not_started
BULK-111,Bilal Al-Thawr,Engineering,Software Engineer,Advanced,Sanaa,2026-10-21,Omar Al-Harbi,Policy Awareness;Code Quality;Teamwork,1 year in retail,not_started
BULK-112,Sahar Al-Basha,Engineering,DevOps/Infrastructure Engineer,Beginner,Aden,2026-10-22,Manager Demo,Policy Awareness;Code Quality;Teamwork,2 years in logistics,not_started
BULK-113,Nasser Al-Saqqaf,Engineering,QA Engineer,Intermediate,Remote,2026-10-23,Lina Hassan,Policy Awareness;Code Quality;Teamwork,3 years in finance,not_started
BULK-114,Amal Al-Wasabi,Customer Support,Customer Support Representative,Advanced,Hodeidah,2026-10-24,Omar Al-Harbi,Policy Awareness;Customer Focus;Communication,Internship completed,not_started
BULK-115,Karim Al-Sabri,Finance,Payments Operations Specialist,Beginner,Taiz,2026-10-25,Manager Demo,Policy Awareness;Compliance;Attention to Detail,None,not_started
BULK-116,Wafa Al-Huraibi,People & Culture,HR Generalist,Intermediate,Sanaa,2026-10-26,Lina Hassan,Policy Awareness;Communication;Confidentiality,Fresh graduate,not_started
BULK-117,Jamal Al-Ansi,People & Culture,Recruiter,Advanced,Aden,2026-10-27,Omar Al-Harbi,Policy Awareness;Communication;Confidentiality,1 year in retail,not_started
BULK-118,Ibrahim Al-Shami,Finance,Financial Analyst,Beginner,Remote,2026-10-28,Manager Demo,Policy Awareness;Compliance;Attention to Detail,2 years in logistics,not_started
BULK-119,Sawsan Al-Jabri,Finance,Accounts Payable Clerk,Intermediate,Hodeidah,2026-10-29,Lina Hassan,Policy Awareness;Compliance;Attention to Detail,3 years in finance,not_started
BULK-120,Alaa Al-Amri,Warehouse,Warehouse Operations Coordinator,Advanced,Taiz,2026-10-30,Omar Al-Harbi,Policy Awareness;Safety Compliance;Teamwork,Internship completed,not_started
BULK-121,Ahmed Al-Harbi,Engineering,Software Engineer,Beginner,Sanaa,2026-09-01,Manager Demo,Policy Awareness;Code Quality;Teamwork,None,not_started
BULK-122,Sara Al-Kibsi,Engineering,DevOps/Infrastructure Engineer,Intermediate,Aden,2026-09-02,Lina Hassan,Policy Awareness;Code Quality;Teamwork,Fresh graduate,not_started
BULK-123,Mohammed Al-Omari,Engineering,QA Engineer,Advanced,Remote,2026-09-03,Omar Al-Harbi,Policy Awareness;Code Quality;Teamwork,1 year in retail,not_started
BULK-124,Fatima Al-Khamiri,Customer Support,Customer Support Representative,Beginner,Hodeidah,2026-09-04,Manager Demo,Policy Awareness;Customer Focus;Communication,2 years in logistics,not_started
BULK-125,Omar Al-Ghamdi,Finance,Payments Operations Specialist,Intermediate,Taiz,2026-09-05,Lina Hassan,Policy Awareness;Compliance;Attention to Detail,3 years in finance,not_started
BULK-126,Lina Sharaf,People & Culture,HR Generalist,Advanced,Sanaa,2026-09-06,Omar Al-Harbi,Policy Awareness;Communication;Confidentiality,Internship completed,not_started
BULK-127,Khaled Al-Hakimi,People & Culture,Recruiter,Beginner,Aden,2026-09-07,Manager Demo,Policy Awareness;Communication;Confidentiality,None,not_started
BULK-128,Mona Qassem,Finance,Financial Analyst,Intermediate,Remote,2026-09-08,Lina Hassan,Policy Awareness;Compliance;Attention to Detail,Fresh graduate,not_started
BULK-129,Tariq Mashrah,Finance,Accounts Payable Clerk,Advanced,Hodeidah,2026-09-09,Omar Al-Harbi,Policy Awareness;Compliance;Attention to Detail,1 year in retail,not_started
BULK-130,Huda Al-Mutawakel,Warehouse,Warehouse Operations Coordinator,Beginner,Taiz,2026-09-10,Manager Demo,Policy Awareness;Safety Compliance;Teamwork,2 years in logistics,not_started
BULK-131,Yasser Al-Raimi,Engineering,Software Engineer,Intermediate,Sanaa,2026-09-11,Lina Hassan,Policy Awareness;Code Quality;Teamwork,3 years in finance,not_started
BULK-132,Rania Al-Matari,Engineering,DevOps/Infrastructure Engineer,Advanced,Aden,2026-09-12,Omar Al-Harbi,Policy Awareness;Code Quality;Teamwork,Internship completed,not_started
BULK-133,Adel Al-Zaidi,Engineering,QA Engineer,Beginner,Remote,2026-09-13,Manager Demo,Policy Awareness;Code Quality;Teamwork,None,not_started
BULK-134,Nour Hassan,Customer Support,Customer Support Representative,Intermediate,Hodeidah,2026-09-14,Lina Hassan,Policy Awareness;Customer Focus;Communication,Fresh graduate,not_started
BULK-135,Salem Al-Ashwal,Finance,Payments Operations Specialist,Advanced,Taiz,2026-09-15,Omar Al-Harbi,Policy Awareness;Compliance;Attention to Detail,1 year in retail,not_started
BULK-136,Dana Al-Dubai,People & Culture,HR Generalist,Beginner,Sanaa,2026-09-16,Manager Demo,Policy Awareness;Communication;Confidentiality,2 years in logistics,not_started
BULK-137,Faris Al-Najjar,People & Culture,Recruiter,Intermediate,Aden,2026-09-17,Lina Hassan,Policy Awareness;Communication;Confidentiality,3 years in finance,not_started
BULK-138,Reem Hayel,Finance,Financial Analyst,Advanced,Remote,2026-09-18,Omar Al-Harbi,Policy Awareness;Compliance;Attention to Detail,Internship completed,not_started
BULK-139,Hassan Al-Hammadi,Finance,Accounts Payable Clerk,Beginner,Hodeidah,2026-09-19,Manager Demo,Policy Awareness;Compliance;Attention to Detail,None,not_started
BULK-140,Maha Al-Sayani,Warehouse,Warehouse Operations Coordinator,Intermediate,Taiz,2026-09-20,Lina Hassan,Policy Awareness;Safety Compliance;Teamwork,Fresh graduate,not_started
BULK-141,Bilal Al-Thawr,Engineering,Software Engineer,Advanced,Sanaa,2026-09-21,Omar Al-Harbi,Policy Awareness;Code Quality;Teamwork,1 year in retail,not_started
BULK-142,Sahar Al-Basha,Engineering,DevOps/Infrastructure Engineer,Beginner,Aden,2026-09-22,Manager Demo,Policy Awareness;Code Quality;Teamwork,2 years in logistics,not_started
BULK-143,Nasser Al-Saqqaf,Engineering,QA Engineer,Intermediate,Remote,2026-09-23,Lina Hassan,Policy Awareness;Code Quality;Teamwork,3 years in finance,not_started
BULK-144,Amal Al-Wasabi,Customer Support,Customer Support Representative,Advanced,Hodeidah,2026-09-24,Omar Al-Harbi,Policy Awareness;Customer Focus;Communication,Internship completed,not_started
BULK-145,Karim Al-Sabri,Finance,Payments Operations Specialist,Beginner,Taiz,2026-09-25,Manager Demo,Policy Awareness;Compliance;Attention to Detail,None,not_started
BULK-146,Wafa Al-Huraibi,People & Culture,HR Generalist,Intermediate,Sanaa,2026-09-26,Lina Hassan,Policy Awareness;Communication;Confidentiality,Fresh graduate,not_started
BULK-147,Jamal Al-Ansi,People & Culture,Recruiter,Advanced,Aden,2026-09-27,Omar Al-Harbi,Policy Awareness;Communication;Confidentiality,1 year in retail,not_started
BULK-148,Ibrahim Al-Shami,Finance,Financial Analyst,Beginner,Remote,2026-09-28,Manager Demo,Policy Awareness;Compliance;Attention to Detail,2 years in logistics,not_started
BULK-149,Sawsan Al-Jabri,Finance,Accounts Payable Clerk,Intermediate,Hodeidah,2026-09-29,Lina Hassan,Policy Awareness;Compliance;Attention to Detail,3 years in finance,not_started
BULK-150,Alaa Al-Amri,Warehouse,Warehouse Operations Coordinator,Advanced,Taiz,2026-09-30,Omar Al-Harbi,Policy Awareness;Safety Compliance;Teamwork,Internship completed,not_started
BULK-151,Ahmed Al-Harbi,Engineering,Software Engineer,Beginner,Sanaa,2026-10-01,Manager Demo,Policy Awareness;Code Quality;Teamwork,None,not_started
BULK-152,Sara Al-Kibsi,Engineering,DevOps/Infrastructure Engineer,Intermediate,Aden,2026-10-02,Lina Hassan,Policy Awareness;Code Quality;Teamwork,Fresh graduate,not_started
BULK-153,Mohammed Al-Omari,Engineering,QA Engineer,Advanced,Remote,2026-10-03,Omar Al-Harbi,Policy Awareness;Code Quality;Teamwork,1 year in retail,not_started
BULK-154,Fatima Al-Khamiri,Customer Support,Customer Support Representative,Beginner,Hodeidah,2026-10-04,Manager Demo,Policy Awareness;Customer Focus;Communication,2 years in logistics,not_started
BULK-155,Omar Al-Ghamdi,Finance,Payments Operations Specialist,Intermediate,Taiz,2026-10-05,Lina Hassan,Policy Awareness;Compliance;Attention to Detail,3 years in finance,not_started
BULK-156,Lina Sharaf,People & Culture,HR Generalist,Advanced,Sanaa,2026-10-06,Omar Al-Harbi,Policy Awareness;Communication;Confidentiality,Internship completed,not_started
BULK-157,Khaled Al-Hakimi,People & Culture,Recruiter,Beginner,Aden,2026-10-07,Manager Demo,Policy Awareness;Communication;Confidentiality,None,not_started
BULK-158,Mona Qassem,Finance,Financial Analyst,Intermediate,Remote,2026-10-08,Lina Hassan,Policy Awareness;Compliance;Attention to Detail,Fresh graduate,not_started
BULK-159,Tariq Mashrah,Finance,Accounts Payable Clerk,Advanced,Hodeidah,2026-10-09,Omar Al-Harbi,Policy Awareness;Compliance;Attention to Detail,1 year in retail,not_started
BULK-160,Huda Al-Mutawakel,Warehouse,Warehouse Operations Coordinator,Beginner,Taiz,2026-10-10,Manager Demo,Policy Awareness;Safety Compliance;Teamwork,2 years in logistics,not_started
BULK-161,Yasser Al-Raimi,Engineering,Software Engineer,Intermediate,Sanaa,2026-10-11,Lina Hassan,Policy Awareness;Code Quality;Teamwork,3 years in finance,not_started
BULK-162,Rania Al-Matari,Engineering,DevOps/Infrastructure Engineer,Advanced,Aden,2026-10-12,Omar Al-Harbi,Policy Awareness;Code Quality;Teamwork,Internship completed,not_started
BULK-163,Adel Al-Zaidi,Engineering,QA Engineer,Beginner,Remote,2026-10-13,Manager Demo,Policy Awareness;Code Quality;Teamwork,None,not_started
BULK-164,Nour Hassan,Customer Support,Customer Support Representative,Intermediate,Hodeidah,2026-10-14,Lina Hassan,Policy Awareness;Customer Focus;Communication,Fresh graduate,not_started
BULK-165,Salem Al-Ashwal,Finance,Payments Operations Specialist,Advanced,Taiz,2026-10-15,Omar Al-Harbi,Policy Awareness;Compliance;Attention to Detail,1 year in retail,not_started
BULK-166,Dana Al-Dubai,People & Culture,HR Generalist,Beginner,Sanaa,2026-10-16,Manager Demo,Policy Awareness;Communication;Confidentiality,2 years in logistics,not_started
BULK-167,Faris Al-Najjar,People & Culture,Recruiter,Intermediate,Aden,2026-10-17,Lina Hassan,Policy Awareness;Communication;Confidentiality,3 years in finance,not_started
BULK-168,Reem Hayel,Finance,Financial Analyst,Advanced,Remote,2026-10-18,Omar Al-Harbi,Policy Awareness;Compliance;Attention to Detail,Internship completed,not_started
BULK-169,Hassan Al-Hammadi,Finance,Accounts Payable Clerk,Beginner,Hodeidah,2026-10-19,Manager Demo,Policy Awareness;Compliance;Attention to Detail,None,not_started
BULK-170,Maha Al-Sayani,Warehouse,Warehouse Operations Coordinator,Intermediate,Taiz,2026-10-20,Lina Hassan,Policy Awareness;Safety Compliance;Teamwork,Fresh graduate,not_started
BULK-171,Bilal Al-Thawr,Engineering,Software Engineer,Advanced,Sanaa,2026-10-21,Omar Al-Harbi,Policy Awareness;Code Quality;Teamwork,1 year in retail,not_started
BULK-172,Sahar Al-Basha,Engineering,DevOps/Infrastructure Engineer,Beginner,Aden,2026-10-22,Manager Demo,Policy Awareness;Code Quality;Teamwork,2 years in logistics,not_started
BULK-173,Nasser Al-Saqqaf,Engineering,QA Engineer,Intermediate,Remote,2026-10-23,Lina Hassan,Policy Awareness;Code Quality;Teamwork,3 years in finance,not_started
BULK-174,Amal Al-Wasabi,Customer Support,Customer Support Representative,Advanced,Hodeidah,2026-10-24,Omar Al-Harbi,Policy Awareness;Customer Focus;Communication,Internship completed,not_started
BULK-175,Karim Al-Sabri,Finance,Payments Operations Specialist,Beginner,Taiz,2026-10-25,Manager Demo,Policy Awareness;Compliance;Attention to Detail,None,not_started
BULK-176,Wafa Al-Huraibi,People & Culture,HR Generalist,Intermediate,Sanaa,2026-10-26,Lina Hassan,Policy Awareness;Communication;Confidentiality,Fresh graduate,not_started
BULK-177,Jamal Al-Ansi,People & Culture,Recruiter,Advanced,Aden,2026-10-27,Omar Al-Harbi,Policy Awareness;Communication;Confidentiality,1 year in retail,not_started
BULK-178,Ibrahim Al-Shami,Finance,Financial Analyst,Beginner,Remote,2026-10-28,Manager Demo,Policy Awareness;Compliance;Attention to Detail,2 years in logistics,not_started
BULK-179,Sawsan Al-Jabri,Finance,Accounts Payable Clerk,Intermediate,Hodeidah,2026-10-29,Lina Hassan,Policy Awareness;Compliance;Attention to Detail,3 years in finance,not_started
BULK-180,Alaa Al-Amri,Warehouse,Warehouse Operations Coordinator,Advanced,Taiz,2026-10-30,Omar Al-Harbi,Policy Awareness;Safety Compliance;Teamwork,Internship completed,not_started
BULK-181,Ahmed Al-Harbi,Engineering,Software Engineer,Beginner,Sanaa,2026-09-01,Manager Demo,Policy Awareness;Code Quality;Teamwork,None,not_started
BULK-182,Sara Al-Kibsi,Engineering,DevOps/Infrastructure Engineer,Intermediate,Aden,2026-09-02,Lina Hassan,Policy Awareness;Code Quality;Teamwork,Fresh graduate,not_started
BULK-183,Mohammed Al-Omari,Engineering,QA Engineer,Advanced,Remote,2026-09-03,Omar Al-Harbi,Policy Awareness;Code Quality;Teamwork,1 year in retail,not_started
BULK-184,Fatima Al-Khamiri,Customer Support,Customer Support Representative,Beginner,Hodeidah,2026-09-04,Manager Demo,Policy Awareness;Customer Focus;Communication,2 years in logistics,not_started
BULK-185,Omar Al-Ghamdi,Finance,Payments Operations Specialist,Intermediate,Taiz,2026-09-05,Lina Hassan,Policy Awareness;Compliance;Attention to Detail,3 years in finance,not_started
BULK-186,Lina Sharaf,People & Culture,HR Generalist,Advanced,Sanaa,2026-09-06,Omar Al-Harbi,Policy Awareness;Communication;Confidentiality,Internship completed,not_started
BULK-187,Khaled Al-Hakimi,People & Culture,Recruiter,Beginner,Aden,2026-09-07,Manager Demo,Policy Awareness;Communication;Confidentiality,None,not_started
BULK-188,Mona Qassem,Finance,Financial Analyst,Intermediate,Remote,2026-09-08,Lina Hassan,Policy Awareness;Compliance;Attention to Detail,Fresh graduate,not_started
BULK-189,Tariq Mashrah,Finance,Accounts Payable Clerk,Advanced,Hodeidah,2026-09-09,Omar Al-Harbi,Policy Awareness;Compliance;Attention to Detail,1 year in retail,not_started
BULK-190,Huda Al-Mutawakel,Warehouse,Warehouse Operations Coordinator,Beginner,Taiz,2026-09-10,Manager Demo,Policy Awareness;Safety Compliance;Teamwork,2 years in logistics,not_started
BULK-191,Yasser Al-Raimi,Engineering,Software Engineer,Intermediate,Sanaa,2026-09-11,Lina Hassan,Policy Awareness;Code Quality;Teamwork,3 years in finance,not_started
BULK-192,Rania Al-Matari,Engineering,DevOps/Infrastructure Engineer,Advanced,Aden,2026-09-12,Omar Al-Harbi,Policy Awareness;Code Quality;Teamwork,Internship completed,not_started
BULK-193,Adel Al-Zaidi,Engineering,QA Engineer,Beginner,Remote,2026-09-13,Manager Demo,Policy Awareness;Code Quality;Teamwork,None,not_started
BULK-194,Nour Hassan,Customer Support,Customer Support Representative,Intermediate,Hodeidah,2026-09-14,Lina Hassan,Policy Awareness;Customer Focus;Communication,Fresh graduate,not_started
BULK-195,Salem Al-Ashwal,Finance,Payments Operations Specialist,Advanced,Taiz,2026-09-15,Omar Al-Harbi,Policy Awareness;Compliance;Attention to Detail,1 year in retail,not_started
BULK-196,Dana Al-Dubai,People & Culture,HR Generalist,Beginner,Sanaa,2026-09-16,Manager Demo,Policy Awareness;Communication;Confidentiality,2 years in logistics,not_started
BULK-197,Faris Al-Najjar,People & Culture,Recruiter,Intermediate,Aden,2026-09-17,Lina Hassan,Policy Awareness;Communication;Confidentiality,3 years in finance,not_started
BULK-198,Reem Hayel,Finance,Financial Analyst,Advanced,Remote,2026-09-18,Omar Al-Harbi,Policy Awareness;Compliance;Attention to Detail,Internship completed,not_started
BULK-199,Hassan Al-Hammadi,Finance,Accounts Payable Clerk,Beginner,Hodeidah,2026-09-19,Manager Demo,Policy Awareness;Compliance;Attention to Detail,None,not_started
BULK-200,Maha Al-Sayani,Warehouse,Warehouse Operations Coordinator,Intermediate,Taiz,2026-09-20,Lina Hassan,Policy Awareness;Safety Compliance;Teamwork,Fresh graduate,not_started
